{
  "nav":[
    {
      "id": "001",
      "title": "首页",
      "url": "",
      "imageUrl": ""
    },
    {
      "id": "002",
      "title": "土购生鲜",
      "url": "",
      "imageUrl": ""
    },
    {
      "id": "003",
      "title": "新闻资讯",
      "url": "",
      "imageUrl": ""
    },
    {
      "id": "004",
      "title": "特价商品",
      "url": "",
      "imageUrl": ""
    },
    {
      "id": "005",
      "title": "企业直采",
      "url": "",
      "imageUrl": ""
    },
    {
      "id": "006",
      "title": "商家入驻",
      "url": "",
      "imageUrl": ""
    }
  ],
  "category":[
    {
      "title": "水果蔬菜",
      "des": [
        { "title": "苹果" },
        { "title": "脐橙" },
        { "title": "榴莲" },
        { "title": "有机蔬菜" },
        { "title": "圣女果" }
      ]
    },
    {
      "title": "休闲食品",
      "des": [
        { "title": "葡萄干" },
        { "title": "开心果" },
        { "title": "曲奇" },
        { "title": "月饼" }]
    },
    {
      "title": "生鲜",
      "des": [
        { 
          "title": "鱿鱼"
        },
        { "title": "甲鱼" },
        { "title": "帝王蟹" },
        { "title": "澳龙" }
      ]
    },
    {
      "title": "茶叶冲饮",
      "des": [
        { "title": "普洱茶" },
        { "title": "红茶" },
        { "title": "斯里兰卡茶" },
        { "title": "柚子茶" }
      ]
    }
  ],
  "goods":[
    {
      "type":"0",
      "id":"fruits_vegetables",
      "title":"水果蔬菜",
      "addr":"../../img/7.jpg",
      "des":[
        {
          "id":"0",
          "title":"邮政包邮！【土购网】赣南脐橙5斤试吃装 正宗赣南脐橙 酸甜可口",
          "price":"19.90",
          "name":"正宗赣南脐橙",
          "image":"../../img/9.jpg"
        },
        {
          "id":"1",
          "title":"九山生姜 2.5kg",
          "price":"38.90",
          "name":"九山生姜 2.5kg",
          "image":"../../img/9.jpg"
        },
        {
          "id":"2",
          "title":"九山生姜 2.5kg",
          "price":"38.90",
          "name":"九山生姜 2.5kg",
          "image":"../../img/9.jpg"
        },
        {
          "id":"3",
          "title":"邮政包邮！【土购网】赣南脐橙5斤试吃装 正宗赣南脐橙 酸甜可口",
          "price":"19.90",
          "name":"正宗赣南脐橙",
          "image":"../../img/9.jpg"
        },
        {
          "id":"4",
          "title":"九山生姜 2.5kg",
          "price":"38.90",
          "name":"九山生姜 2.5kg",
          "image":"../../img/9.jpg"
        },
        {
          "id":"5",
          "title":"九山生姜 2.5kg",
          "price":"38.90",
          "name":"九山生姜 2.5kg",
          "image":"../../img/9.jpg"
        },
        {
          "id":"6",
          "title":"邮政包邮！【土购网】赣南脐橙5斤试吃装 正宗赣南脐橙 酸甜可口",
          "price":"19.90",
          "name":"正宗赣南脐橙",
          "image":"../../img/9.jpg"
        },
        {
          "id":"7",
          "title":"九山生姜 2.5kg",
          "price":"38.90",
          "name":"九山生姜 2.5kg",
          "image":"../../img/9.jpg"
        },
        {
          "id":"8",
          "title":"九山生姜 2.5kg",
          "price":"38.90",
          "name":"九山生姜 2.5kg",
          "image":"../../img/9.jpg"
        }
      ]
    },
    {
      "type": "1",
      "id": "fresh",
      "title":"生鲜",
      "addr":"../../img/6.jpg",
      "des":[
        {
          "id":"0",
          "title":"1号鲜客 挪威冰鲜三文鱼刺身400g",
          "price":"79.00",
          "name":"挪威冰鲜三文鱼刺身400g",
          "image":"../../img/9.jpg"
        },
        {
          "id":"1",
          "title":"大连特产鲜活大鲍鱼鲜活海鲜水产活鲜海产",
          "price":"128.00",
          "name":"大连特产鲜活大鲍鱼",
          "image":"../../img/9.jpg"
        },
        {
          "id":"2",
          "title":"大连特产鲜活大鲍鱼鲜活海鲜水产活鲜海产",
          "price":"128.00",
          "name":"大连特产鲜活大鲍鱼",
          "image":"../../img/9.jpg"
        },
        {
          "id":"3",
          "title":"1号鲜客 挪威冰鲜三文鱼刺身400g",
          "price":"79.00",
          "name":"挪威冰鲜三文鱼刺身400g",
          "image":"../../img/9.jpg"
        },
        {
          "id":"4",
          "title":"大连特产鲜活大鲍鱼鲜活海鲜水产活鲜海产",
          "price":"128.00",
          "name":"大连特产鲜活大鲍鱼",
          "image":"../../img/9.jpg"
        },
        {
          "id":"5",
          "title":"大连特产鲜活大鲍鱼鲜活海鲜水产活鲜海产",
          "price":"128.00",
          "name":"大连特产鲜活大鲍鱼",
          "image":"../../img/9.jpg"
        },
        {
          "id":"6",
          "title":"1号鲜客 挪威冰鲜三文鱼刺身400g",
          "price":"79.00",
          "name":"挪威冰鲜三文鱼刺身400g",
          "image":"../../img/9.jpg"
        },
        {
          "id":"7",
          "title":"大连特产鲜活大鲍鱼鲜活海鲜水产活鲜海产",
          "price":"128.00",
          "name":"大连特产鲜活大鲍鱼",
          "image":"../../img/9.jpg"
        },
        {
          "id":"8",
          "title":"大连特产鲜活大鲍鱼鲜活海鲜水产活鲜海产",
          "price":"128.00",
          "name":"大连特产鲜活大鲍鱼",
          "image":"../../img/9.jpg"
        },
        {
          "id":"9",
          "title":"1号鲜客 挪威冰鲜三文鱼刺身400g",
          "price":"79.00",
          "name":"挪威冰鲜三文鱼刺身400g",
          "image":"../../img/9.jpg"
        },
        {
          "id":"10",
          "title":"大连特产鲜活大鲍鱼鲜活海鲜水产活鲜海产",
          "price":"128.00",
          "name":"大连特产鲜活大鲍鱼",
          "image":"../../img/9.jpg"
        },
        {
          "id":"11",
          "title":"大连特产鲜活大鲍鱼鲜活海鲜水产活鲜海产",
          "price":"128.00",
          "name":"大连特产鲜活大鲍鱼",
          "image":"../../img/9.jpg"
        }
      ]
    },
    {
      "type": "2",
      "id": "foods",
      "title":"休闲食品",
      "addr":"../../img/6.jpg",
      "des":[
        {
          "id":"0",
          "title":"1号鲜客 挪威冰鲜三文鱼刺身400g",
          "price":"79.00",
          "name":"挪威冰鲜三文鱼刺身400g",
          "image":"../../img/9.jpg"
        },
        {
          "id":"1",
          "title":"大连特产鲜活大鲍鱼鲜活海鲜水产活鲜海产",
          "price":"128.00",
          "name":"大连特产鲜活大鲍鱼",
          "image":"../../img/9.jpg"
        },
        {
          "id":"2",
          "title":"大连特产鲜活大鲍鱼鲜活海鲜水产活鲜海产",
          "price":"128.00",
          "name":"大连特产鲜活大鲍鱼",
          "image":"../../img/9.jpg"
        },
        {
          "id":"3",
          "title":"1号鲜客 挪威冰鲜三文鱼刺身400g",
          "price":"79.00",
          "name":"挪威冰鲜三文鱼刺身400g",
          "image":"../../img/9.jpg"
        },
        {
          "id":"4",
          "title":"大连特产鲜活大鲍鱼鲜活海鲜水产活鲜海产",
          "price":"128.00",
          "name":"大连特产鲜活大鲍鱼",
          "image":"../../img/9.jpg"
        },
        {
          "id":"5",
          "title":"大连特产鲜活大鲍鱼鲜活海鲜水产活鲜海产",
          "price":"128.00",
          "name":"大连特产鲜活大鲍鱼",
          "image":"../../img/9.jpg"
        },
        {
          "id":"6",
          "title":"1号鲜客 挪威冰鲜三文鱼刺身400g",
          "price":"79.00",
          "name":"挪威冰鲜三文鱼刺身400g",
          "image":"../../img/9.jpg"
        },
        {
          "id":"7",
          "title":"大连特产鲜活大鲍鱼鲜活海鲜水产活鲜海产",
          "price":"128.00",
          "name":"大连特产鲜活大鲍鱼",
          "image":"../../img/9.jpg"
        },
        {
          "id":"8",
          "title":"大连特产鲜活大鲍鱼鲜活海鲜水产活鲜海产",
          "price":"128.00",
          "name":"大连特产鲜活大鲍鱼",
          "image":"../../img/9.jpg"
        },
        {
          "id":"9",
          "title":"1号鲜客 挪威冰鲜三文鱼刺身400g",
          "price":"79.00",
          "name":"挪威冰鲜三文鱼刺身400g",
          "image":"../../img/9.jpg"
        },
        {
          "id":"10",
          "title":"大连特产鲜活大鲍鱼鲜活海鲜水产活鲜海产",
          "price":"128.00",
          "name":"大连特产鲜活大鲍鱼",
          "image":"../../img/9.jpg"
        },
        {
          "id":"11",
          "title":"大连特产鲜活大鲍鱼鲜活海鲜水产活鲜海产",
          "price":"128.00",
          "name":"大连特产鲜活大鲍鱼",
          "image":"../../img/9.jpg"
        }
      ]
    },
    {
      "type": "3",
      "id": "tea",
      "title":"茶叶冲饮",
      "addr":"../../img/6.jpg",
      "des":[
        {
          "id":"0",
          "title":"1号鲜客 挪威冰鲜三文鱼刺身400g",
          "price":"79.00",
          "name":"挪威冰鲜三文鱼刺身400g",
          "image":"../../img/9.jpg"
        },
        {
          "id":"1",
          "title":"大连特产鲜活大鲍鱼鲜活海鲜水产活鲜海产",
          "price":"128.00",
          "name":"大连特产鲜活大鲍鱼",
          "image":"../../img/9.jpg"
        },
        {
          "id":"2",
          "title":"大连特产鲜活大鲍鱼鲜活海鲜水产活鲜海产",
          "price":"128.00",
          "name":"大连特产鲜活大鲍鱼",
          "image":"../../img/9.jpg"
        },
        {
          "id":"3",
          "title":"1号鲜客 挪威冰鲜三文鱼刺身400g",
          "price":"79.00",
          "name":"挪威冰鲜三文鱼刺身400g",
          "image":"../../img/9.jpg"
        },
        {
          "id":"4",
          "title":"大连特产鲜活大鲍鱼鲜活海鲜水产活鲜海产",
          "price":"128.00",
          "name":"大连特产鲜活大鲍鱼",
          "image":"../../img/9.jpg"
        },
        {
          "id":"5",
          "title":"大连特产鲜活大鲍鱼鲜活海鲜水产活鲜海产",
          "price":"128.00",
          "name":"大连特产鲜活大鲍鱼",
          "image":"../../img/9.jpg"
        },
        {
          "id":"6",
          "title":"1号鲜客 挪威冰鲜三文鱼刺身400g",
          "price":"79.00",
          "name":"挪威冰鲜三文鱼刺身400g",
          "image":"../../img/9.jpg"
        },
        {
          "id":"7",
          "title":"大连特产鲜活大鲍鱼鲜活海鲜水产活鲜海产",
          "price":"128.00",
          "name":"大连特产鲜活大鲍鱼",
          "image":"../../img/9.jpg"
        },
        {
          "id":"8",
          "title":"大连特产鲜活大鲍鱼鲜活海鲜水产活鲜海产",
          "price":"128.00",
          "name":"大连特产鲜活大鲍鱼",
          "image":"../../img/9.jpg"
        },
        {
          "id":"9",
          "title":"1号鲜客 挪威冰鲜三文鱼刺身400g",
          "price":"79.00",
          "name":"挪威冰鲜三文鱼刺身400g",
          "image":"../../img/9.jpg"
        },
        {
          "id":"10",
          "title":"大连特产鲜活大鲍鱼鲜活海鲜水产活鲜海产",
          "price":"128.00",
          "name":"大连特产鲜活大鲍鱼",
          "image":"../../img/9.jpg"
        },
        {
          "id":"11",
          "title":"大连特产鲜活大鲍鱼鲜活海鲜水产活鲜海产",
          "price":"128.00",
          "name":"大连特产鲜活大鲍鱼",
          "image":"../../img/9.jpg"
        }
      ]
    }
  ]
}